URL,MobileURL,Date,Title
"https://www.investing.com/analysis/powell-defends-feds-dna-decisions-must-be-data-not-politics-200667591","https://m.investing.com/analysis/powell-defends-feds-dna-decisions-must-be-data-not-politics-200667591?ampMode=1","2025-09-26 20:00:00","Powell Defends Fed DNA : Decisions Must Be Data , Not Politics"
"https://www.vg.hu/cegvilag/2025/09/bosch-magyarorszag-letszamleepites-autoipar-nemetorszag","","2025-09-26 20:00:00","Bosch : így érinti Magyarországot a gigantikus leépítés"
"https://www.wallstreet-online.de/diskussion/1052483-1/abo-wind-ag-vor-dem-boersengang","","2025-09-26 20:00:00","ABO - Wind AG -- vor dem Börsengang ? "
"https://www.thefreepress.ca/local-news/struggling-for-environmental-justice-in-michel-and-natal-8276196","","2025-09-26 20:00:00","Struggling for environmental justice in Michel and Natal"
"https://www.proactiveinvestors.co.uk/companies/news/1079264/lithium-rally-leaves-little-room-for-error-1079264.html","","2025-09-26 20:00:00","Lithium rally leaves little room for error"
"https://www.readingeagle.com/2025/09/26/politics-vs-science-the-future-of-u-s-health-care-opinion/","","2025-09-26 20:00:00","Politics vs . science : The future of U . S . health care ( opinion ) "
"https://www.aa.com.tr/en/americas/trump-s-100-drug-tariff-may-land-heavy-blow-on-german-pharmaceutical-sector/3700243","","2025-09-26 20:00:00","Trump 100 % drug tariff may land heavy blow on German pharmaceutical sector"
"http://www.zimbabwestar.com/news/278602764/column-on-climate-china-steps-forward","","2025-09-26 20:00:00","Column : On climate , China steps forward"
"https://www.peacearchnews.com/news/national-fire-program-urges-care-as-lithium-ion-battery-use-sparks-fires-8276253","","2025-09-26 20:00:00","National fire program urges care as lithium - ion battery use sparks fires"
"https://www.akronoticias.com/202509/trabajo-social-arranca-practicas-en-instituciones-de-atencion-social.htm","https://www.akronoticias.com/202509/trabajo-social-arranca-practicas-en-instituciones-de-atencion-social.htm?amp=1","2025-09-26 20:00:00","Trabajo Social arranca prácticas en instituciones de atención social"
"https://gna.org.gh/2025/09/sam-jonah-calls-for-involvement-of-chiefs-communities-in-galamsey-fight/","","2025-09-26 20:00:00","Sam Jonah calls for involvement of chiefs , communities in galamsey fight"
"https://www.focus.pl/artykul/orlen-i-poczta-polska-lacza-sily-powstaje-krajowy-gigant-kurierski-z-30-tysiacami-punktow","","2025-09-26 20:00:00","ORLEN i Poczta Polska łączą siły . Powstaje krajowy gigant kurierski z 30 tysiącami punktów"
"https://www.cadena3.com/noticia/politica-y-economia/el-gobierno-defendio-levantar-retenciones-cero-fue-una-medida-extraordinaria_468692","https://www.cadena3.com/amp/noticia/politica-y-economia/el-gobierno-defendio-levantar-retenciones-cero-fue-una-medida-extraordinaria_468692","2025-09-26 20:00:00","El Gobierno defendió levantar retenciones cero :  Fue una medida extraordinaria  - Noticias"
"https://www.praca.egospodarka.pl/oferty-pracy/wroclaw/zawiadowca-ds-automatyki,69284961.html","","2025-09-26 20:00:00","Praca Zawiadowca ds . automatyki - oferty pracy Wrocław - PKP Polskie Linie Kolejowe S . A"
"https://observador.pt/2025/09/26/inem-esta-a-formar-180-candidatos-a-tecnicos-de-emergencia-pre-hospitalar/","","2025-09-26 20:00:00","INEM está a formar 180 candidatos a técnicos de emergência – Observador"
"https://www.dgabc.com.br/Noticia/4259523/bc-argentino-recua-em-desmonte-do-cepo-cambial-e-volta-a-impor-restricao-a-compra-de-dolar","","2025-09-26 20:00:00","BC argentino recua em desmonte do  cepo cambial  e volta a impor restrio à compra de dólar - 26 / 09 / 2025"
"https://www.moldpres.md/rom/politica/partidul-moldova-mare-exclus-din-cursa-electorala","","2025-09-26 20:00:00","Alegeri 2025 // Partidul „ Moldova Mare , exclus din cursa electorală"
"https://g1.globo.com/mg/sul-de-minas/especial-publicitario/prefeitura-de-pocos-de-caldas/prefeitura-de-pocos-de-caldas/noticia/2025/09/26/pocos-de-caldas-recebe-a-28a-convencao-estadual-varejo-360-entre-28-e-30-de-setembro.ghtml","https://g1.globo.com/google/amp/mg/sul-de-minas/especial-publicitario/prefeitura-de-pocos-de-caldas/prefeitura-de-pocos-de-caldas/noticia/2025/09/26/pocos-de-caldas-recebe-a-28a-convencao-estadual-varejo-360-entre-28-e-30-de-setembro.ghtml","2025-09-26 20:00:00","Poços de Caldas recebe a 28ª conveno estadual varejo 360° entre 28 e 30 de setembro"
"https://www.cadena3.com/noticia/politica-y-economia/dolar-las-seis-claves-para-entender-las-nuevas-restricciones-del-gobierno_468697","https://www.cadena3.com/amp/noticia/politica-y-economia/dolar-las-seis-claves-para-entender-las-nuevas-restricciones-del-gobierno_468697","2025-09-26 20:00:00","Dólar : las seis claves para entender las nuevas restricciones del Gobierno"
"https://wjbt.iheart.com/content/2025-09-26-nas-resorts-worlds-proposal-for-queens-casino-approved-in-unanimous-vote/","","2025-09-26 20:00:00","Nas & Resorts World Proposal For Queens Casino Approved In Unanimous Vote"
"https://www.marketscreener.com/news/lineage-inc-line-shareholders-who-lost-money-have-opportunity-to-lead-securities-fraud-lawsuit-ce7d5bdada89f723","","2025-09-26 20:00:00","Lineage , Inc . ( LINE ) Shareholders Who Lost Money Have Opportunity to Lead Securities Fraud Lawsuit"
"https://www.express.co.uk/news/uk/2113985/households-orange-peel-windows-doors","https://www.express.co.uk/news/uk/2113985/households-orange-peel-windows-doors/amp","2025-09-26 20:00:00","Households urged to put orange peel by windows , doors and in bins"
"https://www.praca.egospodarka.pl/oferty-pracy/wielkopolskie/kierownik-ds-serwisu-mobilnego,69284957.html","","2025-09-26 20:00:00","Praca Kierownik ds . Serwisu Mobilnego - oferty pracy - MAINT EXPERT Sp . z o . o . "
"https://lapauseinfo.fr/les-modeles-a-moteur-puretech-qui-tiennent-encore-la-route-sans-faille-selon-un-expert-2/","","2025-09-26 20:00:00","Les modèles à moteur Puretech qui tiennent encore la route sans faille selon un expert"
"https://www.tomshardware.com/tech-industry/artificial-intelligence/openais-significant-investments-raise-more-questions-than-answers-ceo-sam-altman-remains-tight-lipped-about-how-the-company-will-deliver","","2025-09-26 20:00:00","OpenAI significant investments raise more questions than answers CEO Sam Altman remains tight - lipped about how the company will deliver"
"https://dnes.dir.bg/comments/moskva-ukrayna-gotvi-ataki-s-dronove-v-rumaniya-i-polsha-s-tsel-voyna-rusiya-nato","","2025-09-26 20:00:00","Коментари - Москва : Украйна готви атаки с дронове в Румъния и Полша с цел война Русия - НАТО"
"https://www.mngz.ru/vse-obo-vsem/4216385-aviaperelety-po-rossii-planiruyut-sdelat-dostupnee.html","","2025-09-26 20:00:00","Авиаперелеты по России планируют сделать доступнее » Информационное агентство МАНГАЗЕЯ"
"https://www.nzherald.co.nz/business/personal-finance/investment/where-to-put-a-lump-sum-just-sitting-around-darcy-ungaro/EMPGT6XA7JABLJTXJCUGRZ3LRI/","","2025-09-26 20:00:00","Where to put a lump sum just sitting around - Darcy Ungaro"
"https://www.ipress.hr/vijesti/88944-plenkovic-szijjarto-je-bezobrazan-lazne-teze-da-je-hrvatska-ratni-profiter","","2025-09-26 20:00:00","Plenković : Szijjarto je bezobrazan , lažne teze da je Hrvatska ratni profiter"
"https://rb.ru/news/25-mlrd-shtrafa-amazon-vyplatit-kompensaciyu-obmanutym-polzovatelyam-prime-i-otobyot-poteri-vsego-za-33-chasa/","","2025-09-26 20:00:00","Amazon выплатит $2 , 5 млрд за обман клиентов Prime"
"https://hudsonvalleycountry.com/ixp/204/p/dolly-parton-husband-carl-dean-sings-on-stage/","","2025-09-26 20:00:00","Dolly Parton Reveals Rare Stage Moment With Late Husband"
"https://rr.pt/noticia/mundo/2025/09/26/russia-vai-construir-quatro-centrais-nucleares-no-irao/441379/","https://rr.pt/noticia/amp/mundo/2025/09/26/russia-vai-construir-quatro-centrais-nucleares-no-irao/441379/","2025-09-26 20:00:00","Rússia vai construir quatro centrais nucleares no Irão"
"https://www.wlup.com/terms/","","2025-09-26 20:00:00","Terms of Service"
"https://www.berchtesgadener-anzeiger.de/startseite_artikel,-russlandfreundliche-partei-von-wahl-in-moldau-ausgeschlossen-_arid,958920.html","","2025-09-26 20:00:00","Russlandfreundliche Partei von Wahl in Moldau ausgeschlossen"
"https://wibb.iheart.com/content/2025-09-26-nas-resorts-worlds-proposal-for-queens-casino-approved-in-unanimous-vote/","","2025-09-26 20:00:00","Nas & Resorts World Proposal For Queens Casino Approved In Unanimous Vote"
"https://www.ig.com/sg/trading-strategies/best-nuclear-energy-stocks-to-watch1-250310","","2025-09-26 20:00:00","Are technological advancements making nuclear energy a safer investment ? September 2025"
"https://www.investopedia.com/economic-worries-are-rising-for-most-americans-but-big-stock-holders-stay-positive-11819457","","2025-09-26 20:00:00","Economic Worries Are Rising for Most Americans , But Big Stock Holders Stay Positive"
"https://charlestoncitypaper.com/2025/09/26/24-39-data-demands-twin-storm-prep-souring-on-trump/","","2025-09-26 20:00:00","24 . 39 : Election demands , twin storm prep , souring on Trump"
"https://www.lasprovincias.es/ribera-costera/albaida-volvera-licitar-obras-centro-dia-20250926201943-nt.html","https://www.lasprovincias.es/ribera-costera/albaida-volvera-licitar-obras-centro-dia-20250926201943-nt_amp.html","2025-09-26 20:00:00","Albaida volverá a licitar las obras del Centro de Día"
"http://www.az-online.de/politik/kampfbrueder-putin-und-xi-russland-macht-china-fit-fuer-taiwan-invasion-zr-93957630.html","","2025-09-26 20:00:00","Kampfbrüder Putin und Xi – Russland macht China fit für Taiwan - Invasion"
"http://www.businessghana.com/site/news/business/335393/African-Ministers-Join-Organization-of-the-Petroleum-Exporting-Countries-Leadership-to-Shape-...","","2025-09-26 20:00:00","African Ministers Join Organization of the Petroleum Exporting Countries Leadership to Shape ... "
"https://www.akronoticias.com/202509/estudiantes-refuerzan-formacion-con-practicas-de-trabajo-social.htm","https://www.akronoticias.com/202509/estudiantes-refuerzan-formacion-con-practicas-de-trabajo-social.htm?amp=1","2025-09-26 20:00:00","Estudiantes refuerzan formación con prácticas de Trabajo Social"
"https://bridgemi.com/michigan-government/michigan-business-sweat-tax-changes-in-road-budget-deal/","","2025-09-26 20:00:00","Michigan business sweat tax changes in road , budget deal"
"https://www.wradio.com.co/2025/09/26/pacientes-enfrentan-demoras-en-clinica-nuestra-senora-de-la-paz-por-faltas-en-convenio-con-nueva-eps/","https://www.wradio.com.co/2025/09/26/pacientes-enfrentan-demoras-en-clinica-nuestra-senora-de-la-paz-por-faltas-en-convenio-con-nueva-eps/?outputType=amp","2025-09-26 20:00:00","Pacientes enfrentan demoras en Clínica Nuestra Señora de la Paz por faltas en convenio con Nueva EPS"
"https://ktom.iheart.com/content/2025-09-26-cooper-alans-emotional-storytelling-ballad-sets-stage-for-debut-era/","","2025-09-26 20:00:00","Cooper Alan  Emotional  Storytelling Ballad Sets Stage For Debut Era"
"https://buffalonews.com/news/local/article_eafa26a3-dccc-49c6-9aab-313163e5b000.html","","2025-09-26 20:00:00","Gov . Hochul : Inflation rebate checks starting to be sent out"
"https://www.smh.com.au/politics/nsw/dead-set-against-them-the-labor-heavyweights-turning-on-their-party-over-crucial-reform-20250925-p5mxvm.html","","2025-09-26 20:00:00","Gambling reform NSW : Labor heavyweights in Labor for Gambling Reform group to press Chris Minns and Anthony Albanese"
"http://www.nashvilleherald.com/news/278599926/health-agencies-reaffirm-tylenol-safe-in-pregnancy-after-trump-remarks","","2025-09-26 20:00:00","Health agencies reaffirm Tylenol safe in pregnancy after Trump remarks"
"https://big1047.iheart.com/featured/bobby-bones/content/2025-09-26-1119-the-bobby-bones-show-fri-pt-1-will-bobby-love-his-baby-more-than-his-w/","","2025-09-26 20:00:00","FRI PT 1 : Will Bobby Love His Baby More Than His Wife ? + Is Hot Saucing Chi | BIG 104 . 7"
"https://www.finanznachrichten.de/nachrichten-2025-09/66551799-gyt-universal-relocations-celebrates-successful-first-year-in-dubai-and-expands-into-the-middle-east-296.htm","","2025-09-26 20:00:00","GYT : Universal Relocations Celebrates Successful First Year in Dubai and Expands into the Middle East"
"https://www.boerse-express.com/news/articles/adidas-aktie-dividenden-ueberraschung-im-anmarsch-828408","","2025-09-26 20:00:00","Börse Express - Adidas Aktie : Dividenden - Überraschung im Anmarsch ? "
"https://www.marketscreener.com/news/sunrise-new-energy-announces-1gw-u-s-lithium-battery-pack-project-driving-growth-in-anode-material-ce7d5bdadb80fe21","","2025-09-26 20:00:00","Sunrise New Energy Announces 1GW U . S . Lithium Battery Pack Project Driving Growth in Anode Material Sales"
"https://argumenti.ru/politics/2025/09/968284","https://argumenti.ru/politics/2025/09/968284/amp","2025-09-26 20:00:00","Глава МИД Венгрии Сийярто подозревает , что Зеленский начал страдать от хунгарофобии"
"https://www.dakotanewsnow.com/2025/09/26/several-starbucks-sioux-falls-area-closing-after-recent-announcement/","https://www.dakotanewsnow.com/2025/09/26/several-starbucks-sioux-falls-area-closing-after-recent-announcement/?outputType=amp","2025-09-26 20:00:00","Several Starbucks in Sioux Falls area closing after recent announcement"
"https://www.thewhig.com:443/news/kingston-postal-workers-join-colleagues-in-mass-walkout-in-canada-post-dispute","","2025-09-26 20:00:00","Kingston postal workers join colleagues in mass walkout | The Kingston Whig Standard"
"https://www.local3news.com/local-news/second-school-board-member-resigns-after-teacher-bonus-rejected-in-grundy-co/article_17c4f6d0-3335-4613-b894-91f71d7e44a6.html","","2025-09-26 20:00:00","Grundy County School Board Member Resignation | Local News"
"https://www.wradio.com.co/2025/09/26/zelenski-denuncio-violaciones-del-espacio-aereo-ucraniano-cerca-de-hungria/","https://www.wradio.com.co/2025/09/26/zelenski-denuncio-violaciones-del-espacio-aereo-ucraniano-cerca-de-hungria/?outputType=amp","2025-09-26 20:00:00","Zelenski denunció violaciones del espacio aéreo ucraniano cerca de Hungría"
"http://orientaldaily.on.cc/content/%E7%94%A2%E7%B6%93/odn-20250927-0927_00202_005/%E6%B8%AF%E8%82%A1%E6%8C%AB356%E9%BB%9E--%E5%B0%8F%E7%B1%B3%E7%80%898-%E5%B7%AE%E7%B5%95%E8%97%8D%E7%B1%8C","","2025-09-26 20:00:00","港股挫356點 小米瀉8 % 差絕藍籌"
"https://www.autoexpress.co.uk/xiaomi/367903/watch-out-xiaomi-cars-coming-europe-2027","","2025-09-26 20:00:00","Watch out ! Xiaomi cars coming to Europe in 2027"
"https://www.skai.gr/news/world/wsj-o-tramp-eipe-ston-zelenski-oti-einai-anoixtos-sto-na-parasxei-nea-opla-makras-emveleia","https://www.skai.gr/news/world/wsj-o-tramp-eipe-ston-zelenski-oti-einai-anoixtos-sto-na-parasxei-nea-opla-makras-emveleia/amp","2025-09-26 20:00:00","WSJ : Ο Τραμπ είπε στον Ζελένσκι ότι είναι ανοιχτός στο να παράσχει νέα όπλα μακράς εμβέλειας"
"https://www.ixbt.com/news/2025/09/26/ddr4-6-88.html","https://www.ixbt.com/news/2025/09/26/ddr4-6-88.amp.html","2025-09-26 20:00:00","Цены на DDR4 продолжают расти средняя цена популярных модулей выросла на 6 , 88 % за неделю"
"https://www.abc.com.py/economia/2025/09/26/senacsa-proyecta-repunte-ganadero-de-12-millones-de-cabezas-mas-en-cinco-anos/","https://www.abc.com.py/economia/2025/09/26/senacsa-proyecta-repunte-ganadero-de-12-millones-de-cabezas-mas-en-cinco-anos/?outputType=amp","2025-09-26 20:00:00","Hato ganadero : prevén aumento desde el 2027 - Economía"
"http://www.come-on.de/wirtschaft/lithium-kritische-rohstoffe-deutschland-sitzt-auf-schatz-grosses-potenzial-in-sachsen-anhalt-zr-93957597.html","","2025-09-26 20:00:00","Kritische Rohstoffe : Deutschland sitzt auf Lithium - Schatz – „ großes Potenzial  in Sachsen - Anhalt"
"https://tribunadonorte.com.br/rio-grande-do-norte/rn-lanca-nova-rota-de-voos-diretos-entre-natal-e-buenos-aires/","","2025-09-26 20:00:00","RN lança nova rota de voos diretos entre Natal e Buenos Aires"
"http://www.wlz-online.de/politik/kampfbrueder-putin-und-xi-russland-macht-china-fit-fuer-taiwan-invasion-zr-93957630.html","","2025-09-26 20:00:00","Kampfbrüder Putin und Xi – Russland macht China fit für Taiwan - Invasion"
"http://www.fnp.de/wirtschaft/lithium-kritische-rohstoffe-deutschland-sitzt-auf-schatz-grosses-potenzial-in-sachsen-anhalt-zr-93957597.html","","2025-09-26 20:00:00","Kritische Rohstoffe : Deutschland sitzt auf Lithium - Schatz – „ großes Potenzial  in Sachsen - Anhalt"
"https://ksfa860.com/ixp/174/p/speeding-car-spins-wet-texas-highway/","","2025-09-26 20:00:00","Speeding Vehicle Wrecks on Rain - Soaked Texas Highway"
"https://imirante.com/entretenimento/sao-luis/2025/09/26/ph-homenagem-a-carlos-brandao","https://imirante.com/entretenimento/sao-luis/amp/2025/09/26/ph-homenagem-a-carlos-brandao","2025-09-26 20:00:00","PH : Homenagem a Carlos Brandão - Imirante . com"
"https://www.lanouvellerepublique.fr/vienne/commune/neuville-de-poitou/corentin-gonnord-la-passion-des-abats-au-marche-de-neuville-de-poitou-1758911604","","2025-09-26 20:00:00","Corentin Gonnord : la passion des abats au marché de Neuville - de - Poitou"
"https://comexdobrasil.com/tarifaco-de-trump-mesmo-com-aumento-de-isencoes-738-das-exportacoes-brasileiras-seguem-impactadas/","","2025-09-26 20:00:00","Tarifaço de Trump : mesmo com aumento de isenes , 73 , 8 % das exportaes brasileiras seguem impactadas"
"https://www.lanouvellerepublique.fr/indre-et-loire/commune/la-riche/un-marche-festif-et-chaleureux-pour-clore-l-ete-a-la-riche-1758910590","","2025-09-26 20:00:00","Un marché festif et chaleureux pour clore l  été à La Riche"
"https://www.moldpres.md/rom/politica/presedinta-cec-angelica-caraman-apel-catre-concurenti-si-alegatori-respectati-prevederile-legale-nu-va-lasati-manipulati","","2025-09-26 20:00:00","Președinta CEC , Angelica Caraman , apel către concurenți și alegători : „ Respectați prevederile legale , nu vă lăsați manipulați  "
"https://www.zazoom.it/2025-09-26/sanzione-dellantitrust-sui-carburanti-e-scontro-con-leni/17828817/","","2025-09-26 20:00:00","Sanzione dell  Antitrust sui carburanti è scontro con l  Eni"
"https://www.casertafocus.net/home/index.php?option=com_content&view=article&id=71128:giu-le-mani-dallo-stadio-del-nuoto&catid=10&Itemid=132","","2025-09-26 20:00:00","PISCINA PROVINCIALE - Le associazioni replicano a Colombiano : numeri farlocchi sui costi di gestione . Se avesse fatto partire i lavori limpianto avrebbe potuto riaprire questanno"
"https://techcabal.com/2025/09/26/tech4dev-concludes-second-edition-of-africas-largest-digital-skilling-competition-in-grand-style-awards-%E2%82%A6150-million-in-prizes/","","2025-09-26 20:00:00","Tech4Dev concludes second edition of africa largest digital skilling competition in grand style , awards ₦150 million in prizes"
"https://www.akronoticias.com/202509/ganaderos-de-chihuahua-busca-nuevos-mercados-de-exportacion.htm","https://www.akronoticias.com/202509/ganaderos-de-chihuahua-busca-nuevos-mercados-de-exportacion.htm?amp=1","2025-09-26 20:00:00","Ganaderos de Chihuahua buscan nuevos mercados de exportación"
"https://www.lrt.lt/naujienos/kultura/12/2693569/buvusi-kulturos-atase-jav-reaguojama-nes-tai-pavojaus-signalas-musu-nepriklausomybei","","2025-09-26 20:00:00","Buvusi kultūros atašė JAV : reaguojama , nes tai pavojaus signalas mūsų nepriklausomybei"
"https://www.topagrar.com/energie/news/energiewende-das-sagt-die-branche-zu-den-planen-fur-wind-biogas-solar-co-d-20018096.html","","2025-09-26 20:00:00","Energiewendebericht überrascht Wind -, Biogas - und Solarbranche"
"https://karatoa.com.bd/article/141161","","2025-09-26 20:00:00","বগুড়ার নন্দীগ্রামে ফাঁস দিয়ে গৃহবধূর আত্মহত্যা"
"https://www.bhaskar.com/national/news/paper-leak-in-uttarakhand-raises-questions-on-ukssscs-strategy-136022541.html","https://www.bhaskar.com/amp/national/news/paper-leak-in-uttarakhand-raises-questions-on-ukssscs-strategy-136022541.html","2025-09-26 20:00:00","Paper leak in Uttarakhand raises questions on UKSSSC strategy | उत्तराखंड में पेपरलीक , UKSSSC की रणनीति पर उठे कई सवाल : चेकिंग के बीच एग्जाम सेंटर में फोन कैसे पहुंचा ; राहुल बोले - पेपर चोर , गद्दी छोड़"
"https://www.op-marburg.de/lokales/marburg-biedenkopf/marburg/steuern-sparen-sondereffekt-das-plant-marburg-fuer-den-haushalt-2026-IWFYRRY3R5BSLMS5UXXR44UCEY.html","https://www.op-marburg.de/lokales/marburg-biedenkopf/marburg/steuern-sparen-sondereffekt-das-plant-marburg-fuer-den-haushalt-2026-IWFYRRY3R5BSLMS5UXXR44UCEY.html?outputType=valid_amp","2025-09-26 20:00:00","Steuern , sparen , Sondereffekt : Das plant Marburg für den Haushalt 2026"
"https://portocanal.sapo.pt/noticia/367996","","2025-09-26 20:00:00","Concluídas obras na Circunvalao entre hospitais CUF Porto e Magalhães Lemos"
"https://www.investing.com/analysis/no-tariff-inflation-yet-as-core-pce-holds-steady-at-02-200667592","https://m.investing.com/analysis/no-tariff-inflation-yet-as-core-pce-holds-steady-at-02-200667592?ampMode=1","2025-09-26 20:00:00","No Tariff Inflation Yet as Core PCE Holds Steady at 0 . 2 % "
"https://www.rtvslo.si/slovenija/druzba-suncontract-zaradi-neizpolnjevanja-obljub-napoveduje-tozbo-proti-drzavi/758902","","2025-09-26 20:00:00","Družba SunContract zaradi  neizpolnjevanja obljub  napoveduje tožbo proti državi"
"https://www.tomshardware.com/tech-industry/samsung-takes-a-scalpel-to-its-2nm-wafer-price-tag-bringing-it-down-to-usd20-000-korean-chipmaker-now-undercuts-rival-tsmc-by-33-percent","","2025-09-26 20:00:00","Samsung takes a scalpel to its 2nm wafer price tag , bringing it down to $20 , 000 Korean chipmaker now undercuts rival TSMC by 33 % "
"https://g1.globo.com/sc/santa-catarina/noticia/2025/09/26/condenados-assedio-sexual-alunas-ifsc-mensagens-maliciosas.ghtml","https://g1.globo.com/google/amp/sc/santa-catarina/noticia/2025/09/26/condenados-assedio-sexual-alunas-ifsc-mensagens-maliciosas.ghtml","2025-09-26 20:00:00","Professores condenados por assédio sexual mandavam mensagens maliciosas a alunas"
"https://www.9tv.co.il/item/113117","","2025-09-26 20:00:00","Переговоры Израиля и Сирии вдруг зашли в тупик"
"https://v97fm.iheart.com/content/2025-09-26-mgk-shares-rare-pic-of-daughter-saga-to-honor-major-anniversary/","","2025-09-26 20:00:00","MGK Shares Rare Pic Of Daughter Saga To Honor Major Anniversary"
"https://www.slate.fr/monde/ukraine-gripper-machine-guerre-russe-petrole-drones-infrastructure-raffinerie-economie-penurie","https://www.slate.fr/monde/ukraine-gripper-machine-guerre-russe-petrole-drones-infrastructure-raffinerie-economie-penurie?amp","2025-09-26 20:00:00","LUkraine a trouvé comment gripper la machine de guerre russe et elle ne sen prive pas"
"https://cbs2iowa.com/news/local/fall-into-marion-brings-movies-markets-and-more-this-weekend","","2025-09-26 20:00:00","Fall Into Marion brings movies , markets , and more this weekend"
"https://www.wdbj7.com/2025/09/26/martinsville-eda-awarded-1-million-grant-redevelopment-project/","","2025-09-26 20:00:00","Martinsville EDA awarded $1 million grant for redevelopment project"
"https://www.rtvslo.si/slovenija/fajon-udelezbo-na-80-zasedanju-generalne-skupscine-zn-sklenila-z-dvostranskimi-srecanji/758917","","2025-09-26 20:00:00","Fajon udeležbo na 80 . zasedanju Generalne skupščine ZN sklenila z dvostranskimi srečanji"
"https://www.peacearchnews.com/news/cfia-caring-for-edgewood-ostriches-explains-avian-flu-risks-8276900","","2025-09-26 20:00:00","CFIA caring for B . C . ostriches ; explains avian flu risks"
"https://www.braunschweiger-zeitung.de/ratgeber-wissen/article410067284/alzheimer-vorbeugen-so-hilft-das-shield-modell-in-5-schritten.html","","2025-09-26 20:00:00","Alzheimer vorbeugen : So hilft das SHIELD - Modell in 5 Schritten"
"https://www.smh.com.au/traveller/inspiration/adult-language-adult-substances-a-canal-cruise-unlike-any-other-20250815-p5mn9w.html","","2025-09-26 20:00:00","Amsterdam canal cruise : Unconventional histories on a BYO boat tour for adults"
"https://www.lequebecexpress.com/un-endroit-ou-investir-discovery-pdg-parle-de-projets-timmins/","","2025-09-26 20:00:00"," « Un endroit où investir »: Discovery PDG parle de projets Timmins"
"https://www.theartnewspaper.com/2025/09/26/lisa-phillips-new-museum-director-retiring","","2025-09-26 20:00:00","New Museum longtime director to retire after building expansion opens - The Art Newspaper"
"http://www.glas-javnosti.rs/vesti/zivot/zamke-dugog-samackog-zivota-razmislite-o-ovih-sest-stvari","","2025-09-26 20:00:00","Zamke dugog samačkog života : Razmislite o ovih ŠEST stvari"
"https://www.machinedesign.com/mechanical-motion-systems/article/55319439/4-critical-design-challenges-for-next-generation-naval-equipment","","2025-09-26 20:00:00","4 Critical Design Challenges for Next - Generation Naval Equipment"
"https://omaha.com/news/nation-world/business/personal-finance/article_97e50037-433c-55d1-93c4-728fbc125f25.html","","2025-09-26 20:00:00","Your company is going public : Navigating complex equity decisions"
"https://portocanal.sapo.pt/noticia/367994","","2025-09-26 20:00:00","Três feridos leves em combate a incêndio em Montalegre"
"http://www.iraqsun.com/news/278602763/xinhua-commentary-at-pivotal-moment-china-injects-momentum-into-global-climate-governance","","2025-09-26 20:00:00","Xinhua Commentary : At pivotal moment , China injects momentum into global climate governance"
"https://www.zazoom.it/2025-09-26/ritrovato-il-ragazzo-sequestrato-a-vittoria-la-svolta-dopo-24-ore-di-terrore-il-rapimento-dopo-averlo-chiamato-per-nome-il-mistero-sul-blitz-con-armi-e-a-volto-coperto/17828840/","","2025-09-26 20:00:00","Ritrovato il ragazzo sequestrato a Vittoria la svolta dopo 24 ore di terrore Il rapimento dopo averlo chiamato per nome il mistero sul blitz con armi e a volto coperto"
"https://www.financialexpress.com/market/benchmarks-fall-6-from-record-highs-a-year-ago-3990993/","https://www.financialexpress.com/market/benchmarks-fall-6-from-record-highs-a-year-ago-3990993/lite/","2025-09-26 20:00:00","Benchmarks fall 6 % from record highs a year ago"
"https://www.wistv.com/2025/09/26/former-sc-lawmaker-plead-guilty-distributing-child-sex-abuse-material/","","2025-09-26 20:00:00","Former SC lawmaker to plead guilty to distributing child sex abuse material"
"https://www.bevnet.com/jobs/62367-area-sales-manager--tampa-fl-good-boy-vodka","","2025-09-26 20:00:00","Good Boy Vodka - Area Sales Manager - Tampa , FL - BevNET . com Beverage Industry Job Listing"
"https://www.smh.com.au/environment/climate-change/climate-disasters-mean-oysters-could-be-in-short-supply-this-christmas-20250917-p5mvwc.html","","2025-09-26 20:00:00","Oyster shortage : Climate disasters to affect Christmas supplies"
"https://sunny100.iheart.com/content/2025-09-26-mgk-shares-rare-pic-of-daughter-saga-to-honor-major-anniversary/","","2025-09-26 20:00:00","MGK Shares Rare Pic Of Daughter Saga To Honor Major Anniversary"
"https://www.akronoticias.com/202509/roberto-lucero-galaz-ofrece-reubicacion-tras-inundaciones-en-juarez.htm","https://www.akronoticias.com/202509/roberto-lucero-galaz-ofrece-reubicacion-tras-inundaciones-en-juarez.htm?amp=1","2025-09-26 20:00:00","Roberto Lucero Galaz ofrece reubicación tras inundaciones en Juárez"
"http://www.milwaukeesun.com/news/278602918/commanders-to-face-falcons-without-jayden-daniels-terry-mclaurin","","2025-09-26 20:00:00","Commanders to face Falcons without Jayden Daniels , Terry McLaurin"
"http://www.cubadebate.cu/temas/economia-temas/2025/09/26/detectan-violaciones-en-unidades-arrendadas-del-parque-metropolitano-de-la-habana/","http://www.cubadebate.cu/temas/economia-temas/2025/09/26/detectan-violaciones-en-unidades-arrendadas-del-parque-metropolitano-de-la-habana/amp/","2025-09-26 20:00:00","Cubadebate"
"https://www.tomshardware.com/tech-industry/the-state-of-intel-what-the-companys-usd5-billion-deal-with-nvidia-could-mean-for-the-floundering-chipmaker-investments-capex-and-the-beating-heart-of-x86","","2025-09-26 20:00:00","The state of Intel : What the company $5 billion deal with Nvidia could mean for the floundering chipmaker Investments , capex , and the beating heart of x86"
"https://karatoa.com.bd/article/141176","","2025-09-26 20:00:00","রোদের তীব্রতা শুধু শরীর নয় , পুড়িয়ে দিচ্ছে খেটে খাওয়া মানুষদের জীবন ও জীবিকাও"
"https://natlawreview.com/article/unmasking-pfas","https://natlawreview.com/article/unmasking-pfas?amp","2025-09-26 20:00:00","The Trurth Behind PFAS and PFOS"
"https://nhpbs.org/schedule/summary.aspx?progId=WeatherHunters105","","2025-09-26 20:00:00","The Leaf Painter - Weather Hunters"
"https://www.gilmermirror.com/2025/09/26/commissioner-sid-miller-announces-historic-revival-of-cane-sugar-refining-in-texas/","","2025-09-26 20:00:00","COMMISSIONER SID MILLER ANNOUNCES HISTORIC REVIVAL OF CANE SUGAR REFINING IN TEXAS"
"https://www.cnn.com/2025/09/26/health/nearsightedness-children-eyeglass-lens-fda-wellness","","2025-09-26 20:00:00","FDA authorizes first eyeglass lenses to slow nearsightedness in children in the US"
"https://puentelibre.mx/local/puesto-bajo-licencia-administrativa-director-del-zoologico-de-el-paso/","","2025-09-26 20:00:00","Puesto bajo licencia administrativa director del zoológico de El Paso"
"https://www.nrn.com/marketing-branding/five-restaurant-brands-among-the-most-magnetic-online","","2025-09-26 20:00:00","Five restaurant brands among the  most magnetic  online"
"https://www.nakanune.ru/news/2025/09/26/22839623/","","2025-09-26 20:00:00","В Астраханской области готовятся собрать рекордный урожай риса"
